[{"model": "auth.permission", "pk": 1, "fields": {"name": "Can add log entry", "content_type": 1, "codename": "add_logentry"}}, {"model": "auth.permission", "pk": 2, "fields": {"name": "Can change log entry", "content_type": 1, "codename": "change_logentry"}}, {"model": "auth.permission", "pk": 3, "fields": {"name": "Can delete log entry", "content_type": 1, "codename": "delete_logentry"}}, {"model": "auth.permission", "pk": 4, "fields": {"name": "Can view log entry", "content_type": 1, "codename": "view_logentry"}}, {"model": "auth.permission", "pk": 5, "fields": {"name": "Can add permission", "content_type": 2, "codename": "add_permission"}}, {"model": "auth.permission", "pk": 6, "fields": {"name": "Can change permission", "content_type": 2, "codename": "change_permission"}}, {"model": "auth.permission", "pk": 7, "fields": {"name": "Can delete permission", "content_type": 2, "codename": "delete_permission"}}, {"model": "auth.permission", "pk": 8, "fields": {"name": "Can view permission", "content_type": 2, "codename": "view_permission"}}, {"model": "auth.permission", "pk": 9, "fields": {"name": "Can add group", "content_type": 3, "codename": "add_group"}}, {"model": "auth.permission", "pk": 10, "fields": {"name": "Can change group", "content_type": 3, "codename": "change_group"}}, {"model": "auth.permission", "pk": 11, "fields": {"name": "Can delete group", "content_type": 3, "codename": "delete_group"}}, {"model": "auth.permission", "pk": 12, "fields": {"name": "Can view group", "content_type": 3, "codename": "view_group"}}, {"model": "auth.permission", "pk": 13, "fields": {"name": "Can add content type", "content_type": 4, "codename": "add_contenttype"}}, {"model": "auth.permission", "pk": 14, "fields": {"name": "Can change content type", "content_type": 4, "codename": "change_contenttype"}}, {"model": "auth.permission", "pk": 15, "fields": {"name": "Can delete content type", "content_type": 4, "codename": "delete_contenttype"}}, {"model": "auth.permission", "pk": 16, "fields": {"name": "Can view content type", "content_type": 4, "codename": "view_contenttype"}}, {"model": "auth.permission", "pk": 17, "fields": {"name": "Can add session", "content_type": 5, "codename": "add_session"}}, {"model": "auth.permission", "pk": 18, "fields": {"name": "Can change session", "content_type": 5, "codename": "change_session"}}, {"model": "auth.permission", "pk": 19, "fields": {"name": "Can delete session", "content_type": 5, "codename": "delete_session"}}, {"model": "auth.permission", "pk": 20, "fields": {"name": "Can view session", "content_type": 5, "codename": "view_session"}}, {"model": "auth.permission", "pk": 21, "fields": {"name": "Can add category", "content_type": 6, "codename": "add_category"}}, {"model": "auth.permission", "pk": 22, "fields": {"name": "Can change category", "content_type": 6, "codename": "change_category"}}, {"model": "auth.permission", "pk": 23, "fields": {"name": "Can delete category", "content_type": 6, "codename": "delete_category"}}, {"model": "auth.permission", "pk": 24, "fields": {"name": "Can view category", "content_type": 6, "codename": "view_category"}}, {"model": "auth.permission", "pk": 25, "fields": {"name": "Can add main banners", "content_type": 7, "codename": "add_mainbanners"}}, {"model": "auth.permission", "pk": 26, "fields": {"name": "Can change main banners", "content_type": 7, "codename": "change_mainbanners"}}, {"model": "auth.permission", "pk": 27, "fields": {"name": "Can delete main banners", "content_type": 7, "codename": "delete_mainbanners"}}, {"model": "auth.permission", "pk": 28, "fields": {"name": "Can view main banners", "content_type": 7, "codename": "view_mainbanners"}}, {"model": "auth.permission", "pk": 29, "fields": {"name": "Can add product", "content_type": 8, "codename": "add_product"}}, {"model": "auth.permission", "pk": 30, "fields": {"name": "Can change product", "content_type": 8, "codename": "change_product"}}, {"model": "auth.permission", "pk": 31, "fields": {"name": "Can delete product", "content_type": 8, "codename": "delete_product"}}, {"model": "auth.permission", "pk": 32, "fields": {"name": "Can view product", "content_type": 8, "codename": "view_product"}}, {"model": "auth.permission", "pk": 33, "fields": {"name": "Can add user", "content_type": 9, "codename": "add_shopuser"}}, {"model": "auth.permission", "pk": 34, "fields": {"name": "Can change user", "content_type": 9, "codename": "change_shopuser"}}, {"model": "auth.permission", "pk": 35, "fields": {"name": "Can delete user", "content_type": 9, "codename": "delete_shopuser"}}, {"model": "auth.permission", "pk": 36, "fields": {"name": "Can view user", "content_type": 9, "codename": "view_shopuser"}}, {"model": "auth.permission", "pk": 37, "fields": {"name": "Can add basket", "content_type": 10, "codename": "add_basket"}}, {"model": "auth.permission", "pk": 38, "fields": {"name": "Can change basket", "content_type": 10, "codename": "change_basket"}}, {"model": "auth.permission", "pk": 39, "fields": {"name": "Can delete basket", "content_type": 10, "codename": "delete_basket"}}, {"model": "auth.permission", "pk": 40, "fields": {"name": "Can view basket", "content_type": 10, "codename": "view_basket"}}, {"model": "auth.permission", "pk": 41, "fields": {"name": "Can add association", "content_type": 11, "codename": "add_association"}}, {"model": "auth.permission", "pk": 42, "fields": {"name": "Can change association", "content_type": 11, "codename": "change_association"}}, {"model": "auth.permission", "pk": 43, "fields": {"name": "Can delete association", "content_type": 11, "codename": "delete_association"}}, {"model": "auth.permission", "pk": 44, "fields": {"name": "Can view association", "content_type": 11, "codename": "view_association"}}, {"model": "auth.permission", "pk": 45, "fields": {"name": "Can add code", "content_type": 12, "codename": "add_code"}}, {"model": "auth.permission", "pk": 46, "fields": {"name": "Can change code", "content_type": 12, "codename": "change_code"}}, {"model": "auth.permission", "pk": 47, "fields": {"name": "Can delete code", "content_type": 12, "codename": "delete_code"}}, {"model": "auth.permission", "pk": 48, "fields": {"name": "Can view code", "content_type": 12, "codename": "view_code"}}, {"model": "auth.permission", "pk": 49, "fields": {"name": "Can add nonce", "content_type": 13, "codename": "add_nonce"}}, {"model": "auth.permission", "pk": 50, "fields": {"name": "Can change nonce", "content_type": 13, "codename": "change_nonce"}}, {"model": "auth.permission", "pk": 51, "fields": {"name": "Can delete nonce", "content_type": 13, "codename": "delete_nonce"}}, {"model": "auth.permission", "pk": 52, "fields": {"name": "Can view nonce", "content_type": 13, "codename": "view_nonce"}}, {"model": "auth.permission", "pk": 53, "fields": {"name": "Can add user social auth", "content_type": 14, "codename": "add_usersocialauth"}}, {"model": "auth.permission", "pk": 54, "fields": {"name": "Can change user social auth", "content_type": 14, "codename": "change_usersocialauth"}}, {"model": "auth.permission", "pk": 55, "fields": {"name": "Can delete user social auth", "content_type": 14, "codename": "delete_usersocialauth"}}, {"model": "auth.permission", "pk": 56, "fields": {"name": "Can view user social auth", "content_type": 14, "codename": "view_usersocialauth"}}, {"model": "auth.permission", "pk": 57, "fields": {"name": "Can add partial", "content_type": 15, "codename": "add_partial"}}, {"model": "auth.permission", "pk": 58, "fields": {"name": "Can change partial", "content_type": 15, "codename": "change_partial"}}, {"model": "auth.permission", "pk": 59, "fields": {"name": "Can delete partial", "content_type": 15, "codename": "delete_partial"}}, {"model": "auth.permission", "pk": 60, "fields": {"name": "Can view partial", "content_type": 15, "codename": "view_partial"}}, {"model": "auth.permission", "pk": 61, "fields": {"name": "Can add shop user profile", "content_type": 16, "codename": "add_shopuserprofile"}}, {"model": "auth.permission", "pk": 62, "fields": {"name": "Can change shop user profile", "content_type": 16, "codename": "change_shopuserprofile"}}, {"model": "auth.permission", "pk": 63, "fields": {"name": "Can delete shop user profile", "content_type": 16, "codename": "delete_shopuserprofile"}}, {"model": "auth.permission", "pk": 64, "fields": {"name": "Can view shop user profile", "content_type": 16, "codename": "view_shopuserprofile"}}, {"model": "auth.permission", "pk": 65, "fields": {"name": "Can add \u0437\u0430\u043a\u0430\u0437", "content_type": 17, "codename": "add_order"}}, {"model": "auth.permission", "pk": 66, "fields": {"name": "Can change \u0437\u0430\u043a\u0430\u0437", "content_type": 17, "codename": "change_order"}}, {"model": "auth.permission", "pk": 67, "fields": {"name": "Can delete \u0437\u0430\u043a\u0430\u0437", "content_type": 17, "codename": "delete_order"}}, {"model": "auth.permission", "pk": 68, "fields": {"name": "Can view \u0437\u0430\u043a\u0430\u0437", "content_type": 17, "codename": "view_order"}}, {"model": "auth.permission", "pk": 69, "fields": {"name": "Can add order item", "content_type": 18, "codename": "add_orderitem"}}, {"model": "auth.permission", "pk": 70, "fields": {"name": "Can change order item", "content_type": 18, "codename": "change_orderitem"}}, {"model": "auth.permission", "pk": 71, "fields": {"name": "Can delete order item", "content_type": 18, "codename": "delete_orderitem"}}, {"model": "auth.permission", "pk": 72, "fields": {"name": "Can view order item", "content_type": 18, "codename": "view_orderitem"}}, {"model": "sessions.session", "pk": "a2u7g0ld14snlt96ibza5u26d792m1qf", "fields": {"session_data": "YTFlMDAxNjgxZWY2ZDkzMmVhNzMzYWI0OWY3Y2M0ZWQxYjE2ZDU0Mzp7Im5leHQiOiIvIiwidmstb2F1dGgyX3N0YXRlIjoieDd0WnBUYVF3VDNXSmhoaDExZ044MmlBMjR0eDU2VUwiLCJfYXV0aF91c2VyX2lkIjoiOSIsIl9hdXRoX3VzZXJfYmFja2VuZCI6InNvY2lhbF9jb3JlLmJhY2tlbmRzLnZrLlZLT0F1dGgyIiwiX2F1dGhfdXNlcl9oYXNoIjoiNDQ4ZDdhNGUxYzE5ODAxZGVmMTkzNjdkZjE2YjJlNDU5YzE0NDliYSIsInNvY2lhbF9hdXRoX2xhc3RfbG9naW5fYmFja2VuZCI6InZrLW9hdXRoMiJ9", "expire_date": "2019-02-23T10:52:52.228Z"}}, {"model": "sessions.session", "pk": "ezdg6dilj2fl6p3rf8tyzrzxn37u28o3", "fields": {"session_data": "ZTU5MmZiNmQyMmYxMjZmMTFkYWQ1MDkzMzlhZGUwNjk5ZDM4NDNhYzp7Im5leHQiOiIvIiwiZ29vZ2xlLW9hdXRoMl9zdGF0ZSI6Ikk4TVhTeUxTUDZuRllrWlpmaE9oekw0QVBCdmJwdHVwIiwiX2F1dGhfdXNlcl9pZCI6IjgiLCJfYXV0aF91c2VyX2JhY2tlbmQiOiJzb2NpYWxfY29yZS5iYWNrZW5kcy5nb29nbGUuR29vZ2xlT0F1dGgyIiwiX2F1dGhfdXNlcl9oYXNoIjoiMjFmMzQ0NTNiYTlhNjJmZDMxN2FkZDU2ZTk2ZjQ4NTRlMmU0MTRiNiIsInNvY2lhbF9hdXRoX2xhc3RfbG9naW5fYmFja2VuZCI6Imdvb2dsZS1vYXV0aDIifQ==", "expire_date": "2019-02-26T15:05:32.935Z"}}, {"model": "sessions.session", "pk": "hravpgkb8vewm6aycmpnsg4728a049fn", "fields": {"session_data": "MTkwZjM1ZjMxMDYxZmJmOWFhOGM3NmExMmI4Y2U5MDNmY2Y0ODY1MDp7Im5leHQiOiIvIiwidmstb2F1dGgyX3N0YXRlIjoiSWllRmc3T1pqY0JsSENlTzJDVmFodXVleWJFWHlndmkiLCJfYXV0aF91c2VyX2lkIjoiOSIsIl9hdXRoX3VzZXJfYmFja2VuZCI6InNvY2lhbF9jb3JlLmJhY2tlbmRzLnZrLlZLT0F1dGgyIiwiX2F1dGhfdXNlcl9oYXNoIjoiNDQ4ZDdhNGUxYzE5ODAxZGVmMTkzNjdkZjE2YjJlNDU5YzE0NDliYSIsInNvY2lhbF9hdXRoX2xhc3RfbG9naW5fYmFja2VuZCI6InZrLW9hdXRoMiJ9", "expire_date": "2019-02-26T16:18:03.537Z"}}, {"model": "sessions.session", "pk": "iwbc8y825jv14xnx43ick155q0gm7003", "fields": {"session_data": "MDQ4YjMwNTBkYWY0M2QxYjVkN2FhODE4OTZhNmJlYzczYzllNmM3ZTp7Il9hdXRoX3VzZXJfaWQiOiIyIiwiX2F1dGhfdXNlcl9iYWNrZW5kIjoiZGphbmdvLmNvbnRyaWIuYXV0aC5iYWNrZW5kcy5Nb2RlbEJhY2tlbmQiLCJfYXV0aF91c2VyX2hhc2giOiJmOWYyNzhmNTRmZDRhOWIxNjUxNmViZTJkYWNmY2M3ZDMwZmM2MGFmIn0=", "expire_date": "2019-03-14T03:53:26.831Z"}}, {"model": "sessions.session", "pk": "jjwrhrcd19zo9ibifbaok3jdkmota37g", "fields": {"session_data": "NTA0YjI3MGQyZWU2MDFjNmQxZTFiZWNjZWZhZTE5ZWI0YTJjZmQ5Zjp7Im5leHQiOiIvIiwidmstb2F1dGgyX3N0YXRlIjoianQ2Z0U5VGFwREREUmdPcE5raU1GZTMyU2J5Y1R6UmIiLCJfYXV0aF91c2VyX2lkIjoiOSIsIl9hdXRoX3VzZXJfYmFja2VuZCI6InNvY2lhbF9jb3JlLmJhY2tlbmRzLnZrLlZLT0F1dGgyIiwiX2F1dGhfdXNlcl9oYXNoIjoiNDQ4ZDdhNGUxYzE5ODAxZGVmMTkzNjdkZjE2YjJlNDU5YzE0NDliYSIsInNvY2lhbF9hdXRoX2xhc3RfbG9naW5fYmFja2VuZCI6InZrLW9hdXRoMiJ9", "expire_date": "2019-03-06T12:54:36.756Z"}}, {"model": "sessions.session", "pk": "lr8xd9mcv7kilaaqh5p7get717l3oauv", "fields": {"session_data": "YjVlMDkwOGEyZjhjMDA1ZjQxNDQ1NmNkODIwOWVlZDkzYWJmYzM3Yjp7Im5leHQiOiIvIiwidmstb2F1dGgyX3N0YXRlIjoidFVMSGpyM1A1S1ozZkprZlQ0SHNjcFB1SDNva0EyeDciLCJfYXV0aF91c2VyX2lkIjoiOSIsIl9hdXRoX3VzZXJfYmFja2VuZCI6InNvY2lhbF9jb3JlLmJhY2tlbmRzLnZrLlZLT0F1dGgyIiwiX2F1dGhfdXNlcl9oYXNoIjoiNDQ4ZDdhNGUxYzE5ODAxZGVmMTkzNjdkZjE2YjJlNDU5YzE0NDliYSIsInNvY2lhbF9hdXRoX2xhc3RfbG9naW5fYmFja2VuZCI6InZrLW9hdXRoMiJ9", "expire_date": "2019-03-06T13:39:38.281Z"}}, {"model": "sessions.session", "pk": "z09jg7a9huzgvq7xmems4awt3a4v5m0v", "fields": {"session_data": "NzVhNWUzNTk4NzViZjRhN2M0ODE1ZjM2MDkzMzQ4NzNhZTIxNDc5Mzp7fQ==", "expire_date": "2019-02-04T17:39:25.760Z"}}, {"model": "mainapp.category", "pk": 86, "fields": {"name": "\u0411\u0435\u0439\u0441\u0431\u043e\u043b\u043a\u0438", "is_active": true}}, {"model": "mainapp.category", "pk": 87, "fields": {"name": "\u0428\u0430\u043f\u043a\u0438", "is_active": true}}, {"model": "mainapp.category", "pk": 88, "fields": {"name": "\u041a\u0443\u0440\u0442\u043a\u0438", "is_active": true}}, {"model": "mainapp.category", "pk": 89, "fields": {"name": "\u0414\u0436\u0435\u0440\u0441\u0438", "is_active": true}}, {"model": "mainapp.category", "pk": 90, "fields": {"name": "\u0421\u0432\u0438\u0442\u0435\u0440\u0430", "is_active": true}}, {"model": "mainapp.product", "pk": 81, "fields": {"name": "\u0411\u0435\u0439\u0441\u0431\u043e\u043b\u043a\u0430 Boston Red Sox", "title": "Red Sox", "price": "47.00", "pic": "products/caps/cap_bos_rs_59fifty.jpeg", "fullname": "Men's Boston Red Sox New Era Authentic Collection On Field 59FIFTY Performance Fitted Hat", "description": "Get ready for the next big game with this Los Angeles Dodgers Authentic Collection On Field 59FIFTY performance hat from New Era! The authentic graphics will put your Los Angeles Dodgers fandom on the forefront!", "details": "Material: 100% Polyester, High Crown, Structured fit, Flat bill, Fitted, Heat-sealed rubberized applique, Raised embroidery, Six panels with eyelets, Officially licensed, Imported, Brand: New Era", "quantity": 434, "category": 86, "is_active": true}}, {"model": "mainapp.product", "pk": 82, "fields": {"name": "\u0411\u0435\u0439\u0441\u0431\u043e\u043b\u043a\u0430 Cleveland Indians", "title": "Indians", "price": "47.00", "pic": "products/caps/cap_cle_ind_59fifty.jpeg", "fullname": "Men's Cleveland Indians New Era Authentic Collection On Field 59FIFTY Performance Fitted Hat", "description": "Get ready for the next big game with this Los Angeles Dodgers Authentic Collection On Field 59FIFTY performance hat from New Era! The authentic graphics will put your Los Angeles Dodgers fandom on the forefront!", "details": "Material: 100% Polyester, High Crown, Structured fit, Flat bill, Fitted, Heat-sealed rubberized applique, Raised embroidery, Six panels with eyelets, Officially licensed, Imported, Brand: New Era", "quantity": 108, "category": 86, "is_active": true}}, {"model": "mainapp.product", "pk": 83, "fields": {"name": "\u0411\u0435\u0439\u0441\u0431\u043e\u043b\u043a\u0430 Miami Marlins", "title": "Marlins", "price": "47.00", "pic": "products/caps/cap_mia_marl_59fifty.jpeg", "fullname": "Men's Miami Marlins New Era Authentic Collection On Field 59FIFTY Performance Fitted Hat", "description": "Get ready for the next big game with this Los Angeles Dodgers Authentic Collection On Field 59FIFTY performance hat from New Era! The authentic graphics will put your Los Angeles Dodgers fandom on the forefront!", "details": "Material: 100% Polyester, High Crown, Structured fit, Flat bill, Fitted, Heat-sealed rubberized applique, Raised embroidery, Six panels with eyelets, Officially licensed, Imported, Brand: New Era", "quantity": 103, "category": 86, "is_active": true}}, {"model": "mainapp.product", "pk": 84, "fields": {"name": "\u0411\u0435\u0439\u0441\u0431\u043e\u043b\u043a\u0430 Los Angeles Dodgers", "title": "Dodgers", "price": "47.00", "pic": "products/caps/cap_la_dod_59fifty.jpeg", "fullname": "Men's Los Angeles Dodgers New Era  Authentic Collection On Field 59FIFTY Performance Fitted Hat", "description": "Get ready for the next big game with this Los Angeles Dodgers Authentic Collection On Field 59FIFTY performance hat from New Era! The authentic graphics will put your Los Angeles Dodgers fandom on the forefront!", "details": "Material: 100% Polyester, High Crown, Structured fit, Flat bill, Fitted, Heat-sealed rubberized applique, Raised embroidery, Six panels with eyelets, Officially licensed, Imported, Brand: New Era", "quantity": 110, "category": 86, "is_active": true}}, {"model": "mainapp.product", "pk": 85, "fields": {"name": "\u0411\u0435\u0439\u0441\u0431\u043e\u043b\u043a\u0430 New York Yankees", "title": "Yankees", "price": "47.00", "pic": "products/caps/cap_ny_yank_59fifty.jpeg", "fullname": "Men's New York Yankees New Era Authentic Collection On Field 59FIFTY Performance Fitted Hat", "description": "Get ready for the next big game with this Los Angeles Dodgers Authentic Collection On Field 59FIFTY performance hat from New Era! The authentic graphics will put your Los Angeles Dodgers fandom on the forefront!", "details": "Material: 100% Polyester, High Crown, Structured fit, Flat bill, Fitted, Heat-sealed rubberized applique, Raised embroidery, Six panels with eyelets, Officially licensed, Imported, Brand: New Era", "quantity": 101, "category": 86, "is_active": true}}, {"model": "mainapp.product", "pk": 86, "fields": {"name": "\u0428\u0430\u043f\u043a\u0430 Milwaukee Brewers", "title": "Brewers", "price": "20.00", "pic": "products/hats/hat_mil_brew_new_era.jpeg", "fullname": "Men's Milwaukee Brewers New Era On-Field Sport Cuffed Knit Hat", "description": "Look as good as your favorite Milwaukee Brewers players when you sport this On-Field Sport cuffed knit hat from New Era. It's decked out in vibrant colors and exciting graphics to make you the most spirited fan in the stands.", "details": "Material: 100% Acrylic - Shell; 86% Acrylic/9% Wool/5% Spandex \u2013 Lining, Cuffed, Embroidered fabric applique, Embroidered graphics, One size fits most, Surface Washable, Officially licensed, Imported, Brand: New Era", "quantity": 101, "category": 87, "is_active": true}}, {"model": "mainapp.product", "pk": 87, "fields": {"name": "\u0428\u0430\u043f\u043a\u0430 Chicago Cubs", "title": "Cubs", "price": "20.00", "pic": "products/hats/hat_chi_cubs_new_era.jpeg", "fullname": "Men's Chicago Cubs New Era On-Field Sport Cuffed Knit Hat", "description": "Look as good as your favorite Chicago Cubs players when you sport this On-Field Sport cuffed knit hat from New Era. It's decked out in vibrant colors and exciting graphics to make you the most spirited fan in the stands.", "details": "Material: 100% Acrylic - Shell; 86% Acrylic/9% Wool/5% Spandex \u2013 Lining, Cuffed, Embroidered fabric applique, Embroidered graphics, One size fits most, Surface Washable, Officially licensed, Imported, Brand: New Era", "quantity": 101, "category": 87, "is_active": true}}, {"model": "mainapp.product", "pk": 88, "fields": {"name": "\u0428\u0430\u043f\u043a\u0430 New York Mets", "title": "Mets", "price": "20.00", "pic": "products/hats/hat_ny_mets_new_era.jpeg", "fullname": "Men's New York Mets New Era On-Field Sport Cuffed Knit Hat", "description": "Look as good as your favorite New York Mets players when you sport this On-Field Sport cuffed knit hat from New Era. It's decked out in vibrant colors and exciting graphics to make you the most spirited fan in the stands.", "details": "Material: 100% Acrylic - Shell; 86% Acrylic/9% Wool/5% Spandex \u2013 Lining, Cuffed, Embroidered fabric applique, Embroidered graphics, One size fits most, Surface Washable, Officially licensed, Imported, Brand: New Era", "quantity": 94, "category": 87, "is_active": true}}, {"model": "mainapp.product", "pk": 89, "fields": {"name": "\u0428\u0430\u043f\u043a\u0430 St.Louis Cardinals", "title": "Cardinals", "price": "20.00", "pic": "products/hats/hat_stl_cards_new_era.jpeg", "fullname": "Men's St.Louis Cardinals New Era On-Field Sport Cuffed Knit Hat", "description": "Look as good as your favorite St.Louis Cardinals players when you sport this On-Field Sport cuffed knit hat from New Era. It's decked out in vibrant colors and exciting graphics to make you the most spirited fan in the stands.", "details": "Material: 100% Acrylic - Shell; 86% Acrylic/9% Wool/5% Spandex \u2013 Lining, Cuffed, Embroidered fabric applique, Embroidered graphics, One size fits most, Surface Washable, Officially licensed, Imported, Brand: New Era", "quantity": 100, "category": 87, "is_active": true}}, {"model": "mainapp.product", "pk": 90, "fields": {"name": "\u041a\u0443\u0440\u0442\u043a\u0430 Detroit Tigers", "title": "Tigers", "price": "100.00", "pic": "products/jacket/jacket_det_tig.jpeg", "fullname": "Men's Detroit Tigers Fanatics Branded Windsor Long Sleeve Quarter-Zip Knit Wind Shirt Jacket", "description": "You'll be ready to represent the Detroit Tigers even on chillier days when you have this Fanatics Branded Windsor quarter-zip knit wind shirt jacket. Its comfy design makes it perfect for cool weather when you need an extra layer.", "details": "Material: 100% Polyester, Contrast-color inserts are sewn on side and sleeve, Lightweight jacket suitable for mild temperatures, Long sleeve, Raglan sleeves, Screen print graphics, 1/4-Zip, Machine wash, tumble dry low, Tagless Collar, Officially licensed, Imported, Brand: Fanatics Branded", "quantity": 100, "category": 88, "is_active": true}}, {"model": "mainapp.product", "pk": 91, "fields": {"name": "\u041a\u0443\u0440\u0442\u043a\u0430 Philadelphia Phillies", "title": "Phillies", "price": "100.00", "pic": "products/jacket/jacket_phi_phil.jpeg", "fullname": "Men's Philadelphia Phillies Fanatics Branded Windsor Long Sleeve Quarter-Zip Knit Wind Shirt Jacket", "description": "You'll be ready to represent the Philadelphia Phillies even on chillier days when you have this Fanatics Branded Windsor quarter-zip knit wind shirt jacket. Its comfy design makes it perfect for cool weather when you need an extra layer.", "details": "Material: 100% Polyester, Contrast-color inserts are sewn on side and sleeve, Lightweight jacket suitable for mild temperatures, Long sleeve, Raglan sleeves, Screen print graphics, 1/4-Zip, Machine wash, tumble dry low, Tagless Collar, Officially licensed, Imported, Brand: Fanatics Branded", "quantity": 100, "category": 88, "is_active": true}}, {"model": "mainapp.product", "pk": 92, "fields": {"name": "\u041a\u0443\u0440\u0442\u043a\u0430 San Francisco Giants", "title": "Tigers", "price": "100.00", "pic": "products/jacket/jacket_SF_giants.jpeg", "fullname": "Men's San Francisco Giants Fanatics Branded Windsor Long Sleeve Quarter-Zip Knit Wind Shirt Jacket", "description": "You'll be ready to represent the San Francisco Giants even on chillier days when you have this Fanatics Branded Windsor quarter-zip knit wind shirt jacket. Its comfy design makes it perfect for cool weather when you need an extra layer.", "details": "Material: 100% Polyester, Contrast-color inserts are sewn on side and sleeve, Lightweight jacket suitable for mild temperatures, Long sleeve, Raglan sleeves, Screen print graphics, 1/4-Zip, Machine wash, tumble dry low, Tagless Collar, Officially licensed, Imported, Brand: Fanatics Branded", "quantity": 104, "category": 88, "is_active": true}}, {"model": "mainapp.product", "pk": 93, "fields": {"name": "\u041a\u0443\u0440\u0442\u043a\u0430 Texas Rangers", "title": "Rangers", "price": "100.00", "pic": "products/jacket/jacket_tex_rang.jpeg", "fullname": "Men's Texas Rangers Fanatics Branded Windsor Long Sleeve Quarter-Zip Knit Wind Shirt Jacket", "description": "You'll be ready to represent the Texas Rangers even on chillier days when you have this Fanatics Branded Windsor quarter-zip knit wind shirt jacket. Its comfy design makes it perfect for cool weather when you need an extra layer.", "details": "Material: 100% Polyester, Contrast-color inserts are sewn on side and sleeve, Lightweight jacket suitable for mild temperatures, Long sleeve, Raglan sleeves, Screen print graphics, 1/4-Zip, Machine wash, tumble dry low, Tagless Collar, Officially licensed, Imported, Brand: Fanatics Branded", "quantity": 94, "category": 88, "is_active": true}}, {"model": "mainapp.product", "pk": 94, "fields": {"name": "\u0414\u0436\u0435\u0440\u0441\u0438 Boston Red Sox", "title": "Red Sox", "price": "65.00", "pic": "products/jersey/jersey_bos_sox.jpeg", "fullname": "Men's Boston Red Sox Majestic Home Cool Base Custom Jersey", "description": "Get ready for game day with this Boston Red Sox Cool Base jersey! Customize this Majestic look to make it something special and the Cool Base technology will ensure you're comfortable while you're looking good. Game days will never be the same, they'll be so much better!", "details": "Material: 100% Polyester, Cool Base \u00ae technology is made with interlocking moisture-wicking fabric for a lightweight breathable feel, Rounded hem, Heat-sealed MLB Cool Base jock tag above left hem, Sewn-on tackle twill graphics, MLB Batterman patch on center back neck, Machine wash, Officially licensed, Made in the USA, Brand: Majestic", "quantity": 100, "category": 89, "is_active": true}}, {"model": "mainapp.product", "pk": 95, "fields": {"name": "\u0414\u0436\u0435\u0440\u0441\u0438 Chicago Cubs", "title": "Cubs", "price": "65.00", "pic": "products/jersey/jersey_chi_cubs.jpeg", "fullname": "Men's Chicago Cubs Majestic Home Cool Base Custom Jersey", "description": "Get ready for game day with this Chicago Cubs Cool Base jersey! Customize this Majestic look to make it something special and the Cool Base technology will ensure you're comfortable while you're looking good. Game days will never be the same, they'll be so much better!", "details": "Material: 100% Polyester, Cool Base \u00ae technology is made with interlocking moisture-wicking fabric for a lightweight breathable feel, Rounded hem, Heat-sealed MLB Cool Base jock tag above left hem, Sewn-on tackle twill graphics, MLB Batterman patch on center back neck, Machine wash, Officially licensed, Made in the USA, Brand: Majestic", "quantity": 102, "category": 89, "is_active": true}}, {"model": "mainapp.product", "pk": 96, "fields": {"name": "\u0414\u0436\u0435\u0440\u0441\u0438 Houston Astros", "title": "Astros", "price": "65.00", "pic": "products/jersey/jersey_hou_ast.jpeg", "fullname": "Men's Houston Astros Majestic Home Cool Base Custom Jersey", "description": "Get ready for game day with this Houston Astros Cool Base jersey! Customize this Majestic look to make it something special and the Cool Base technology will ensure you're comfortable while you're looking good. Game days will never be the same, they'll be so much better!", "details": "Material: 100% Polyester, Cool Base \u00ae technology is made with interlocking moisture-wicking fabric for a lightweight breathable feel, Rounded hem, Heat-sealed MLB Cool Base jock tag above left hem, Sewn-on tackle twill graphics, MLB Batterman patch on center back neck, Machine wash, Officially licensed, Made in the USA, Brand: Majestic", "quantity": 101, "category": 89, "is_active": true}}, {"model": "mainapp.product", "pk": 97, "fields": {"name": "\u0414\u0436\u0435\u0440\u0441\u0438 New York Yankees", "title": "Yankees", "price": "65.00", "pic": "products/jersey/jersey_NY_yank.jpeg", "fullname": "Men's New York Yankees Majestic Home Cool Base Custom Jersey", "description": "Get ready for game day with this New York Yankees Cool Base jersey! Customize this Majestic look to make it something special and the Cool Base technology will ensure you're comfortable while you're looking good. Game days will never be the same, they'll be so much better!", "details": "Material: 100% Polyester, Cool Base \u00ae technology is made with interlocking moisture-wicking fabric for a lightweight breathable feel, Rounded hem, Heat-sealed MLB Cool Base jock tag above left hem, Sewn-on tackle twill graphics, MLB Batterman patch on center back neck, Machine wash, Officially licensed, Made in the USA, Brand: Majestic", "quantity": 102, "category": 89, "is_active": true}}, {"model": "mainapp.product", "pk": 98, "fields": {"name": "\u0414\u0436\u0435\u0440\u0441\u0438 Oakland Athletics", "title": "Athletics", "price": "65.00", "pic": "products/jersey/jersey_oak_ath.jpeg", "fullname": "Men's Oakland Athletics Majestic Home Cool Base Custom Jersey", "description": "Get ready for game day with this Oakland Athletics Cool Base jersey! Customize this Majestic look to make it something special and the Cool Base technology will ensure you're comfortable while you're looking good. Game days will never be the same, they'll be so much better!", "details": "Material: 100% Polyester, Cool Base \u00ae technology is made with interlocking moisture-wicking fabric for a lightweight breathable feel, Rounded hem, Heat-sealed MLB Cool Base jock tag above left hem, Sewn-on tackle twill graphics, MLB Batterman patch on center back neck, Machine wash, Officially licensed, Made in the USA, Brand: Majestic", "quantity": 100, "category": 89, "is_active": true}}, {"model": "mainapp.product", "pk": 99, "fields": {"name": "\u0421\u0432\u0438\u0442\u0435\u0440 Atlanta Braves", "title": "Braves", "price": "35.00", "pic": "products/sweater/sweater_atl_barv.jpeg", "fullname": "Men's Atlanta Braves Patches Ugly Pullover Sweater", "description": "Show off that fun side all while ensuring your fandom is on full display, even when the temperature drops, when you put on this Atlanta Braves Patches Ugly pullover sweater. The amazing Atlanta Braves graphics show that your enthusiasm will never cease no matter the weather.", "details": "Material: 100% Acrylic Knit, Heavyweight sweater suitable for cold temperatures, Sublimated graphics, Long sleeve, Pullover, Machine wash tumble dry low, Officially licensed, Imported, Brand: Forever Collectibles", "quantity": 16, "category": 90, "is_active": true}}, {"model": "mainapp.product", "pk": 100, "fields": {"name": "\u0421\u0432\u0438\u0442\u0435\u0440 Chicago White Sox", "title": "White Sox", "price": "35.00", "pic": "products/sweater/sweater_chi_sox.jpeg", "fullname": "Men's Chicago White Sox Patches Ugly Pullover Sweater", "description": "Show off that fun side all while ensuring your fandom is on full display, even when the temperature drops, when you put on this Chicago White Sox Patches Ugly pullover sweater. The amazing Chicago White Sox graphics show that your enthusiasm will never cease no matter the weather.", "details": "Material: 100% Acrylic Knit, Heavyweight sweater suitable for cold temperatures, Sublimated graphics, Long sleeve, Pullover, Machine wash tumble dry low, Officially licensed, Imported, Brand: Forever Collectibles", "quantity": 100, "category": 90, "is_active": true}}, {"model": "mainapp.product", "pk": 101, "fields": {"name": "\u0421\u0432\u0438\u0442\u0435\u0440 New York Mets", "title": "Mets", "price": "35.00", "pic": "products/sweater/sweater_NY_mets.jpeg", "fullname": "Men's New York Mets Patches Ugly Pullover Sweater", "description": "Show off that fun side all while ensuring your fandom is on full display, even when the temperature drops, when you put on this New York Mets Patches Ugly pullover sweater. The amazing New York Mets graphics show that your enthusiasm will never cease no matter the weather.", "details": "Material: 100% Acrylic Knit, Heavyweight sweater suitable for cold temperatures, Sublimated graphics, Long sleeve, Pullover, Machine wash tumble dry low, Officially licensed, Imported, Brand: Forever Collectibles", "quantity": 100, "category": 90, "is_active": true}}, {"model": "mainapp.product", "pk": 102, "fields": {"name": "\u0421\u0432\u0438\u0442\u0435\u0440 Oakland Athletics", "title": "Athletics", "price": "35.00", "pic": "products/sweater/sweater_oak_ath.jpeg", "fullname": "Men's Oakland Athletics Patches Ugly Pullover Sweater", "description": "Show off that fun side all while ensuring your fandom is on full display, even when the temperature drops, when you put on this Oakland Athletics Patches Ugly pullover sweater. The amazing Oakland Athletics graphics show that your enthusiasm will never cease no matter the weather.", "details": "Material: 100% Acrylic Knit, Heavyweight sweater suitable for cold temperatures, Sublimated graphics, Long sleeve, Pullover, Machine wash tumble dry low, Officially licensed, Imported, Brand: Forever Collectibles", "quantity": 101, "category": 90, "is_active": true}}, {"model": "mainapp.product", "pk": 103, "fields": {"name": "\u0421\u0432\u0438\u0442\u0435\u0440 St.Louise Cardinals", "title": "Cardinals", "price": "35.00", "pic": "products/sweater/sweater_stl_card.jpeg", "fullname": "Men's St. Louis Cardinals Patches Ugly Pullover Sweater", "description": "Show off that fun side all while ensuring your fandom is on full display, even when the temperature drops, when you put on this St. Louis Cardinals Patches Ugly pullover sweater. The amazing St. Louis Cardinals graphics show that your enthusiasm will never cease no matter the weather.", "details": "Material: 100% Acrylic Knit, Heavyweight sweater suitable for cold temperatures, Sublimated graphics, Long sleeve, Pullover, Machine wash tumble dry low, Officially licensed, Imported, Brand: Forever Collectibles", "quantity": 100, "category": 90, "is_active": true}}, {"model": "authapp.shopuser", "pk": 2, "fields": {"password": "pbkdf2_sha256$120000$UWYRvPQiBljr$t9kMmsFQf6Mrzu444dxO2vKc9+O6A4OV79RrY9EXR1c=", "last_login": "2019-02-28T03:53:26.826Z", "is_superuser": true, "username": "django", "first_name": "django", "last_name": "", "email": "django@geekshop.local", "is_staff": false, "is_active": true, "date_joined": "2019-01-07T19:24:16Z", "avatar": "users_avatars/IMG_5724_\u043a\u043e\u043f\u0438\u044f_655be7U.jpg", "age": 23, "activation_key": "", "activation_key_expires": "2019-01-23T17:00:22.236Z", "groups": [], "user_permissions": []}}, {"model": "authapp.shopuser", "pk": 7, "fields": {"password": "pbkdf2_sha256$120000$sDkiwUPraSOm$cYd78+oB7CjO3BtA8W3z+SnzftZChqvkhE1I3nmjXc4=", "last_login": "2019-01-25T04:09:11.931Z", "is_superuser": false, "username": "ric", "first_name": "", "last_name": "", "email": "moskalenko1981@mail.ru", "is_staff": false, "is_active": true, "date_joined": "2019-01-25T03:56:35.695Z", "avatar": "", "age": 33, "activation_key": "75b64f9e67592f34e41162be5ce0df8b4b04190a", "activation_key_expires": "2019-01-27T03:55:40.173Z", "groups": [], "user_permissions": []}}, {"model": "authapp.shopuser", "pk": 8, "fields": {"password": "!9Xyd1mCvMHgOFoNfYQcMMvfU4EaudfzNNVAaSLLl", "last_login": "2019-02-20T13:37:52.466Z", "is_superuser": false, "username": "sa.moskalenko", "first_name": "\u0421\u0435\u0440\u0433\u0435\u0439", "last_name": "\u041c\u043e\u0441\u043a\u0430\u043b\u0435\u043d\u043a\u043e", "email": "sa.moskalenko@gmail.com", "is_staff": false, "is_active": true, "date_joined": "2019-02-03T15:01:48.590Z", "avatar": "", "age": 18, "activation_key": "", "activation_key_expires": "2019-02-05T14:46:07.194Z", "groups": [], "user_permissions": []}}, {"model": "authapp.shopuser", "pk": 9, "fields": {"password": "!FMZXEmxtuQ7Lds3gXlDrL9MtdNc9lZia0l24wnOZ", "last_login": "2019-02-20T13:39:38.276Z", "is_superuser": false, "username": "id408770287", "first_name": "\u0421\u0435\u0440\u0433\u0435\u0439", "last_name": "\u041c\u043e\u0441\u043a\u0430\u043b\u0435\u043d\u043a\u043e", "email": "moskalenko1981@mail.ru", "is_staff": false, "is_active": true, "date_joined": "2019-02-06T14:05:02.435Z", "avatar": "", "age": 18, "activation_key": "", "activation_key_expires": "2019-02-08T14:03:59.358Z", "groups": [], "user_permissions": []}}, {"model": "authapp.shopuser", "pk": 10, "fields": {"password": "pbkdf2_sha256$120000$VoT2d7PK9Jw3$j0zixvkuy+DxziSRzXDn9TgmlxMSdxNCvFdtmkZmhXA=", "last_login": "2019-02-20T11:39:24.330Z", "is_superuser": true, "username": "djangoo1", "first_name": "", "last_name": "", "email": "", "is_staff": true, "is_active": true, "date_joined": "2019-02-20T11:35:49.350Z", "avatar": "", "age": 18, "activation_key": "", "activation_key_expires": "2019-02-22T11:35:23.646Z", "groups": [], "user_permissions": []}}, {"model": "authapp.shopuserprofile", "pk": 1, "fields": {"user": 2, "tagline": "", "aboutMe": "", "gender": ""}}, {"model": "authapp.shopuserprofile", "pk": 2, "fields": {"user": 7, "tagline": "", "aboutMe": "", "gender": ""}}, {"model": "authapp.shopuserprofile", "pk": 3, "fields": {"user": 8, "tagline": "", "aboutMe": "", "gender": "M"}}, {"model": "authapp.shopuserprofile", "pk": 4, "fields": {"user": 9, "tagline": "", "aboutMe": "", "gender": "M"}}, {"model": "authapp.shopuserprofile", "pk": 5, "fields": {"user": 10, "tagline": "", "aboutMe": "", "gender": ""}}, {"model": "social_django.usersocialauth", "pk": 1, "fields": {"user": 8, "provider": "google-oauth2", "uid": "sa.moskalenko@gmail.com", "extra_data": "{\"auth_time\": 1550669872, \"expires\": 3600, \"token_type\": \"Bearer\", \"access_token\": \"ya29.Gly2BkgtAm9loGnXXIrAgbPaWfdEhAzU6ZJwROh8P6Dqx9BaWSudAxlwq205eiAN5WDCa9MPaFupkxkb9s9adVTCtwsmy6Av1skRaUhlm2yKVLD9wIYbRJSmWx__MA\"}"}}, {"model": "social_django.usersocialauth", "pk": 2, "fields": {"user": 9, "provider": "vk-oauth2", "uid": "408770287", "extra_data": "{\"auth_time\": 1550669978, \"id\": 408770287, \"expires\": 86400, \"access_token\": \"39840eedbf01b7306264bb0365604f93524a0fbb13e05a941e2ee32c2c53de121e835a7c1b5a085a5ee53\", \"token_type\": null}"}}, {"model": "admin.logentry", "pk": 1, "fields": {"action_time": "2019-02-20T11:40:56.892Z", "user": 10, "content_type": 8, "object_id": "103", "object_repr": "\u0421\u0432\u0438\u0442\u0435\u0440 St.Louise Cardinals", "action_flag": 2, "change_message": "[{\"changed\": {\"fields\": [\"quantity\"]}}]"}}, {"model": "admin.logentry", "pk": 2, "fields": {"action_time": "2019-02-20T11:41:00.613Z", "user": 10, "content_type": 8, "object_id": "103", "object_repr": "\u0421\u0432\u0438\u0442\u0435\u0440 St.Louise Cardinals", "action_flag": 2, "change_message": "[]"}}, {"model": "admin.logentry", "pk": 3, "fields": {"action_time": "2019-02-20T11:41:02.007Z", "user": 10, "content_type": 8, "object_id": "103", "object_repr": "\u0421\u0432\u0438\u0442\u0435\u0440 St.Louise Cardinals", "action_flag": 2, "change_message": "[]"}}, {"model": "admin.logentry", "pk": 4, "fields": {"action_time": "2019-02-20T11:41:08.032Z", "user": 10, "content_type": 8, "object_id": "102", "object_repr": "\u0421\u0432\u0438\u0442\u0435\u0440 Oakland Athletics", "action_flag": 2, "change_message": "[{\"changed\": {\"fields\": [\"quantity\"]}}]"}}, {"model": "admin.logentry", "pk": 5, "fields": {"action_time": "2019-02-20T11:41:14.643Z", "user": 10, "content_type": 8, "object_id": "101", "object_repr": "\u0421\u0432\u0438\u0442\u0435\u0440 New York Mets", "action_flag": 2, "change_message": "[{\"changed\": {\"fields\": [\"quantity\"]}}]"}}, {"model": "admin.logentry", "pk": 6, "fields": {"action_time": "2019-02-20T11:41:19.763Z", "user": 10, "content_type": 8, "object_id": "100", "object_repr": "\u0421\u0432\u0438\u0442\u0435\u0440 Chicago White Sox", "action_flag": 2, "change_message": "[{\"changed\": {\"fields\": [\"quantity\"]}}]"}}, {"model": "admin.logentry", "pk": 7, "fields": {"action_time": "2019-02-20T11:41:25.108Z", "user": 10, "content_type": 8, "object_id": "100", "object_repr": "\u0421\u0432\u0438\u0442\u0435\u0440 Chicago White Sox", "action_flag": 2, "change_message": "[]"}}, {"model": "admin.logentry", "pk": 8, "fields": {"action_time": "2019-02-20T11:41:30.754Z", "user": 10, "content_type": 8, "object_id": "99", "object_repr": "\u0421\u0432\u0438\u0442\u0435\u0440 Atlanta Braves", "action_flag": 2, "change_message": "[{\"changed\": {\"fields\": [\"quantity\"]}}]"}}, {"model": "admin.logentry", "pk": 9, "fields": {"action_time": "2019-02-20T11:41:35.655Z", "user": 10, "content_type": 8, "object_id": "99", "object_repr": "\u0421\u0432\u0438\u0442\u0435\u0440 Atlanta Braves", "action_flag": 2, "change_message": "[]"}}, {"model": "admin.logentry", "pk": 10, "fields": {"action_time": "2019-02-20T11:41:42.640Z", "user": 10, "content_type": 8, "object_id": "98", "object_repr": "\u0414\u0436\u0435\u0440\u0441\u0438 Oakland Athletics", "action_flag": 2, "change_message": "[{\"changed\": {\"fields\": [\"quantity\"]}}]"}}, {"model": "admin.logentry", "pk": 11, "fields": {"action_time": "2019-02-20T11:41:47.805Z", "user": 10, "content_type": 8, "object_id": "97", "object_repr": "\u0414\u0436\u0435\u0440\u0441\u0438 New York Yankees", "action_flag": 2, "change_message": "[{\"changed\": {\"fields\": [\"quantity\"]}}]"}}, {"model": "admin.logentry", "pk": 12, "fields": {"action_time": "2019-02-20T11:41:53.457Z", "user": 10, "content_type": 8, "object_id": "96", "object_repr": "\u0414\u0436\u0435\u0440\u0441\u0438 Houston Astros", "action_flag": 2, "change_message": "[{\"changed\": {\"fields\": [\"quantity\"]}}]"}}, {"model": "admin.logentry", "pk": 13, "fields": {"action_time": "2019-02-20T11:41:57.858Z", "user": 10, "content_type": 8, "object_id": "95", "object_repr": "\u0414\u0436\u0435\u0440\u0441\u0438 Chicago Cubs", "action_flag": 2, "change_message": "[{\"changed\": {\"fields\": [\"quantity\"]}}]"}}, {"model": "admin.logentry", "pk": 14, "fields": {"action_time": "2019-02-20T11:42:03.326Z", "user": 10, "content_type": 8, "object_id": "95", "object_repr": "\u0414\u0436\u0435\u0440\u0441\u0438 Chicago Cubs", "action_flag": 2, "change_message": "[]"}}, {"model": "admin.logentry", "pk": 15, "fields": {"action_time": "2019-02-20T11:42:09.946Z", "user": 10, "content_type": 8, "object_id": "94", "object_repr": "\u0414\u0436\u0435\u0440\u0441\u0438 Boston Red Sox", "action_flag": 2, "change_message": "[{\"changed\": {\"fields\": [\"quantity\"]}}]"}}, {"model": "admin.logentry", "pk": 16, "fields": {"action_time": "2019-02-20T11:42:23.571Z", "user": 10, "content_type": 8, "object_id": "93", "object_repr": "\u041a\u0443\u0440\u0442\u043a\u0430 Texas Rangers", "action_flag": 2, "change_message": "[{\"changed\": {\"fields\": [\"quantity\"]}}]"}}, {"model": "admin.logentry", "pk": 17, "fields": {"action_time": "2019-02-20T11:42:29.423Z", "user": 10, "content_type": 8, "object_id": "92", "object_repr": "\u041a\u0443\u0440\u0442\u043a\u0430 San Francisco Giants", "action_flag": 2, "change_message": "[{\"changed\": {\"fields\": [\"quantity\"]}}]"}}, {"model": "admin.logentry", "pk": 18, "fields": {"action_time": "2019-02-20T11:42:36.244Z", "user": 10, "content_type": 8, "object_id": "91", "object_repr": "\u041a\u0443\u0440\u0442\u043a\u0430 Philadelphia Phillies", "action_flag": 2, "change_message": "[{\"changed\": {\"fields\": [\"quantity\"]}}]"}}, {"model": "admin.logentry", "pk": 19, "fields": {"action_time": "2019-02-20T11:42:42.123Z", "user": 10, "content_type": 8, "object_id": "90", "object_repr": "\u041a\u0443\u0440\u0442\u043a\u0430 Detroit Tigers", "action_flag": 2, "change_message": "[{\"changed\": {\"fields\": [\"quantity\"]}}]"}}, {"model": "admin.logentry", "pk": 20, "fields": {"action_time": "2019-02-20T11:42:46.159Z", "user": 10, "content_type": 8, "object_id": "90", "object_repr": "\u041a\u0443\u0440\u0442\u043a\u0430 Detroit Tigers", "action_flag": 2, "change_message": "[]"}}, {"model": "admin.logentry", "pk": 21, "fields": {"action_time": "2019-02-20T11:42:52.355Z", "user": 10, "content_type": 8, "object_id": "90", "object_repr": "\u041a\u0443\u0440\u0442\u043a\u0430 Detroit Tigers", "action_flag": 2, "change_message": "[]"}}, {"model": "admin.logentry", "pk": 22, "fields": {"action_time": "2019-02-20T11:42:57.655Z", "user": 10, "content_type": 8, "object_id": "89", "object_repr": "\u0428\u0430\u043f\u043a\u0430 St.Louis Cardinals", "action_flag": 2, "change_message": "[{\"changed\": {\"fields\": [\"quantity\"]}}]"}}, {"model": "admin.logentry", "pk": 23, "fields": {"action_time": "2019-02-20T11:43:03.137Z", "user": 10, "content_type": 8, "object_id": "88", "object_repr": "\u0428\u0430\u043f\u043a\u0430 New York Mets", "action_flag": 2, "change_message": "[{\"changed\": {\"fields\": [\"quantity\"]}}]"}}, {"model": "admin.logentry", "pk": 24, "fields": {"action_time": "2019-02-20T11:43:09.020Z", "user": 10, "content_type": 8, "object_id": "87", "object_repr": "\u0428\u0430\u043f\u043a\u0430 Chicago Cubs", "action_flag": 2, "change_message": "[{\"changed\": {\"fields\": [\"quantity\"]}}]"}}, {"model": "admin.logentry", "pk": 25, "fields": {"action_time": "2019-02-20T11:43:15.009Z", "user": 10, "content_type": 8, "object_id": "86", "object_repr": "\u0428\u0430\u043f\u043a\u0430 Milwaukee Brewers", "action_flag": 2, "change_message": "[{\"changed\": {\"fields\": [\"quantity\"]}}]"}}, {"model": "admin.logentry", "pk": 26, "fields": {"action_time": "2019-02-20T11:43:21.101Z", "user": 10, "content_type": 8, "object_id": "85", "object_repr": "\u0411\u0435\u0439\u0441\u0431\u043e\u043b\u043a\u0430 New York Yankees", "action_flag": 2, "change_message": "[{\"changed\": {\"fields\": [\"quantity\"]}}]"}}, {"model": "admin.logentry", "pk": 27, "fields": {"action_time": "2019-02-20T11:43:25.904Z", "user": 10, "content_type": 8, "object_id": "85", "object_repr": "\u0411\u0435\u0439\u0441\u0431\u043e\u043b\u043a\u0430 New York Yankees", "action_flag": 2, "change_message": "[]"}}, {"model": "admin.logentry", "pk": 28, "fields": {"action_time": "2019-02-20T11:43:33.471Z", "user": 10, "content_type": 8, "object_id": "84", "object_repr": "\u0411\u0435\u0439\u0441\u0431\u043e\u043b\u043a\u0430 Los Angeles Dodgers", "action_flag": 2, "change_message": "[{\"changed\": {\"fields\": [\"quantity\"]}}]"}}, {"model": "admin.logentry", "pk": 29, "fields": {"action_time": "2019-02-20T11:43:39.416Z", "user": 10, "content_type": 8, "object_id": "83", "object_repr": "\u0411\u0435\u0439\u0441\u0431\u043e\u043b\u043a\u0430 Miami Marlins", "action_flag": 2, "change_message": "[{\"changed\": {\"fields\": [\"quantity\"]}}]"}}, {"model": "admin.logentry", "pk": 30, "fields": {"action_time": "2019-02-20T11:43:47.756Z", "user": 10, "content_type": 8, "object_id": "82", "object_repr": "\u0411\u0435\u0439\u0441\u0431\u043e\u043b\u043a\u0430 Cleveland Indians", "action_flag": 2, "change_message": "[{\"changed\": {\"fields\": [\"quantity\"]}}]"}}, {"model": "admin.logentry", "pk": 31, "fields": {"action_time": "2019-02-20T11:43:53.928Z", "user": 10, "content_type": 8, "object_id": "81", "object_repr": "\u0411\u0435\u0439\u0441\u0431\u043e\u043b\u043a\u0430 Boston Red Sox", "action_flag": 2, "change_message": "[{\"changed\": {\"fields\": [\"quantity\"]}}]"}}, {"model": "admin.logentry", "pk": 32, "fields": {"action_time": "2019-02-20T12:27:18.703Z", "user": 10, "content_type": 10, "object_id": "127", "object_repr": "Basket object (127)", "action_flag": 2, "change_message": "[{\"changed\": {\"fields\": [\"quantity\"]}}]"}}, {"model": "admin.logentry", "pk": 33, "fields": {"action_time": "2019-02-20T12:27:33.426Z", "user": 10, "content_type": 10, "object_id": "127", "object_repr": "Basket object (127)", "action_flag": 2, "change_message": "[{\"changed\": {\"fields\": [\"quantity\"]}}]"}}, {"model": "admin.logentry", "pk": 34, "fields": {"action_time": "2019-02-20T12:27:36.822Z", "user": 10, "content_type": 10, "object_id": "127", "object_repr": "Basket object (127)", "action_flag": 2, "change_message": "[]"}}]